1000,Hovedstaden,København K,55.68,12.59
1050,Hovedstaden,København K,55.68,12.59
1051,Hovedstaden,København K,55.68,12.59
1052,Hovedstaden,København K,55.68,12.59
1053,Hovedstaden,København K,55.68,12.59
1054,Hovedstaden,København K,55.68,12.59
1055,Hovedstaden,København K,55.68,12.59
1056,Hovedstaden,København K,55.68,12.59
1057,Hovedstaden,København K,55.68,12.59
1058,Hovedstaden,København K,55.68,12.59
1059,Hovedstaden,København K,55.68,12.59
1060,Hovedstaden,København K,55.68,12.59
1061,Hovedstaden,København K,55.68,12.58
1062,Hovedstaden,København K,55.68,12.58
1063,Hovedstaden,København K,55.68,12.58
1064,Hovedstaden,København K,55.68,12.58
1065,Hovedstaden,København K,55.68,12.58
1066,Hovedstaden,København K,55.68,12.58
1067,Hovedstaden,København K,55.68,12.58
1068,Hovedstaden,København K,55.68,12.58
1069,Hovedstaden,København K,55.68,12.58
1070,Hovedstaden,København K,55.68,12.58
1071,Hovedstaden,København K,55.68,12.58
1072,Hovedstaden,København K,55.68,12.58
1073,Hovedstaden,København K,55.68,12.58
1074,Hovedstaden,København K,55.68,12.58
1100,Hovedstaden,København K,55.68,12.58
1101,Hovedstaden,København K,55.68,12.58
1102,Hovedstaden,København K,55.68,12.58
1103,Hovedstaden,København K,55.68,12.58
1104,Hovedstaden,København K,55.68,12.58
1105,Hovedstaden,København K,55.68,12.58
1106,Hovedstaden,København K,55.68,12.58
1107,Hovedstaden,København K,55.68,12.58
1110,Hovedstaden,København K,55.68,12.58
1111,Hovedstaden,København K,55.68,12.58
1112,Hovedstaden,København K,55.68,12.58
1113,Hovedstaden,København K,55.68,12.58
1114,Hovedstaden,København K,55.68,12.58
1115,Hovedstaden,København K,55.68,12.58
1116,Hovedstaden,København K,55.68,12.58
1117,Hovedstaden,København K,55.68,12.58
1118,Hovedstaden,København K,55.68,12.58
1119,Hovedstaden,København K,55.68,12.58
1120,Hovedstaden,København K,55.68,12.58
1121,Hovedstaden,København K,55.68,12.58
1122,Hovedstaden,København K,55.68,12.58
1123,Hovedstaden,København K,55.68,12.58
1124,Hovedstaden,København K,55.68,12.58
1125,Hovedstaden,København K,55.68,12.58
1126,Hovedstaden,København K,55.68,12.58
1127,Hovedstaden,København K,55.68,12.58
1128,Hovedstaden,København K,55.68,12.57
1129,Hovedstaden,København K,55.68,12.57
1130,Hovedstaden,København K,55.68,12.57
1131,Hovedstaden,København K,55.68,12.57
1150,Hovedstaden,København K,55.68,12.58
1151,Hovedstaden,København K,55.68,12.58
1152,Hovedstaden,København K,55.68,12.58
1153,Hovedstaden,København K,55.68,12.58
1154,Hovedstaden,København K,55.68,12.58
1155,Hovedstaden,København K,55.68,12.58
1156,Hovedstaden,København K,55.68,12.58
1157,Hovedstaden,København K,55.68,12.58
1158,Hovedstaden,København K,55.68,12.57
1159,Hovedstaden,København K,55.68,12.57
1160,Hovedstaden,København K,55.68,12.58
1161,Hovedstaden,København K,55.68,12.58
1164,Hovedstaden,København K,55.68,12.57
1165,Hovedstaden,København K,55.68,12.57
1166,Hovedstaden,København K,55.68,12.57
1167,Hovedstaden,København K,55.68,12.57
1168,Hovedstaden,København K,55.68,12.57
1169,Hovedstaden,København K,55.68,12.57
1170,Hovedstaden,København K,55.68,12.57
1171,Hovedstaden,København K,55.68,12.57
1172,Hovedstaden,København K,55.68,12.57
1173,Hovedstaden,København K,55.68,12.57
1174,Hovedstaden,København K,55.68,12.57
1175,Hovedstaden,København K,55.68,12.57
1200,Hovedstaden,København K,55.68,12.58
1201,Hovedstaden,København K,55.68,12.58
1202,Hovedstaden,København K,55.68,12.58
1203,Hovedstaden,København K,55.68,12.58
1204,Hovedstaden,København K,55.68,12.58
1205,Hovedstaden,København K,55.68,12.58
1206,Hovedstaden,København K,55.68,12.58
1207,Hovedstaden,København K,55.68,12.58
1208,Hovedstaden,København K,55.68,12.58
1209,Hovedstaden,København K,55.68,12.58
1210,Hovedstaden,København K,55.68,12.58
1211,Hovedstaden,København K,55.68,12.58
1212,Hovedstaden,København K,55.67,12.57
1213,Hovedstaden,København K,55.68,12.58
1214,Hovedstaden,København K,55.67,12.58
1215,Hovedstaden,København K,55.68,12.58
1216,Hovedstaden,København K,55.68,12.58
1218,Hovedstaden,København K,55.68,12.58
1219,Hovedstaden,København K,55.67,12.58
1220,Hovedstaden,København K,55.67,12.58
1221,Hovedstaden,København K,55.67,12.58
1250,Hovedstaden,København K,55.68,12.59
1251,Hovedstaden,København K,55.68,12.59
1252,Hovedstaden,København K,55.68,12.6
1253,Hovedstaden,København K,55.68,12.6
1254,Hovedstaden,København K,55.68,12.59
1255,Hovedstaden,København K,55.68,12.59
1256,Hovedstaden,København K,55.69,12.59
1257,Hovedstaden,København K,55.68,12.59
1259,Hovedstaden,København K,55.69,12.6
1260,Hovedstaden,København K,55.68,12.59
1261,Hovedstaden,København K,55.68,12.59
1263,Hovedstaden,København K,55.69,12.6
1264,Hovedstaden,København K,55.69,12.59
1265,Hovedstaden,København K,55.68,12.59
1266,Hovedstaden,København K,55.69,12.59
1267,Hovedstaden,København K,55.69,12.59
1268,Hovedstaden,København K,55.69,12.59
1270,Hovedstaden,København K,55.69,12.59
1271,Hovedstaden,København K,55.69,12.59
1300,Hovedstaden,København K,55.68,12.59
1301,Hovedstaden,København K,55.68,12.59
1302,Hovedstaden,København K,55.68,12.59
1303,Hovedstaden,København K,55.69,12.59
1304,Hovedstaden,København K,55.68,12.58
1306,Hovedstaden,København K,55.68,12.58
1307,Hovedstaden,København K,55.69,12.58
1308,Hovedstaden,København K,55.69,12.58
1309,Hovedstaden,København K,55.69,12.58
1310,Hovedstaden,København K,55.69,12.59
1311,Hovedstaden,København K,55.69,12.59
1312,Hovedstaden,København K,55.69,12.59
1313,Hovedstaden,København K,55.69,12.59
1314,Hovedstaden,København K,55.69,12.59
1315,Hovedstaden,København K,55.69,12.59
1316,Hovedstaden,København K,55.69,12.58
1317,Hovedstaden,København K,55.69,12.58
1318,Hovedstaden,København K,55.69,12.58
1319,Hovedstaden,København K,55.69,12.59
1320,Hovedstaden,København K,55.69,12.59
1321,Hovedstaden,København K,55.69,12.59
1322,Hovedstaden,København K,55.69,12.59
1323,Hovedstaden,København K,55.69,12.59
1324,Hovedstaden,København K,55.69,12.59
1325,Hovedstaden,København K,55.69,12.59
1326,Hovedstaden,København K,55.69,12.59
1327,Hovedstaden,København K,55.69,12.59
1328,Hovedstaden,København K,55.69,12.59
1329,Hovedstaden,København K,55.69,12.59
1350,Hovedstaden,København K,55.69,12.58
1352,Hovedstaden,København K,55.69,12.57
1353,Hovedstaden,København K,55.69,12.57
1354,Hovedstaden,København K,55.69,12.57
1355,Hovedstaden,København K,55.69,12.57
1356,Hovedstaden,København K,55.69,12.57
1357,Hovedstaden,København K,55.69,12.57
1358,Hovedstaden,København K,55.68,12.57
1359,Hovedstaden,København K,55.68,12.56
1360,Hovedstaden,København K,55.69,12.57
1361,Hovedstaden,København K,55.68,12.57
1362,Hovedstaden,København K,55.68,12.57
1363,Hovedstaden,København K,55.69,12.57
1364,Hovedstaden,København K,55.68,12.57
1365,Hovedstaden,København K,55.68,12.56
1366,Hovedstaden,København K,55.68,12.57
1367,Hovedstaden,København K,55.68,12.56
1368,Hovedstaden,København K,55.68,12.56
1369,Hovedstaden,København K,55.68,12.56
1370,Hovedstaden,København K,55.68,12.56
1371,Hovedstaden,København K,55.69,12.56
1400,Hovedstaden,København K,55.67,12.6
1401,Hovedstaden,København K,55.68,12.59
1402,Hovedstaden,København K,55.67,12.59
1403,Hovedstaden,København K,55.68,12.59
1406,Hovedstaden,København K,55.68,12.59
1407,Hovedstaden,København K,55.67,12.6
1408,Hovedstaden,København K,55.67,12.59
1409,Hovedstaden,København K,55.67,12.59
1410,Hovedstaden,København K,55.67,12.59
1411,Hovedstaden,København K,55.67,12.58
1412,Hovedstaden,København K,55.67,12.59
1413,Hovedstaden,København K,55.67,12.59
1414,Hovedstaden,København K,55.67,12.59
1415,Hovedstaden,København K,55.67,12.6
1416,Hovedstaden,København K,55.67,12.59
1417,Hovedstaden,København K,55.67,12.59
1418,Hovedstaden,København K,55.67,12.59
1419,Hovedstaden,København K,55.67,12.59
1420,Hovedstaden,København K,55.67,12.59
1421,Hovedstaden,København K,55.67,12.59
1422,Hovedstaden,København K,55.67,12.6
1423,Hovedstaden,København K,55.67,12.59
1424,Hovedstaden,København K,55.67,12.59
1425,Hovedstaden,København K,55.67,12.59
1426,Hovedstaden,København K,55.67,12.6
1427,Hovedstaden,København K,55.68,12.6
1428,Hovedstaden,København K,55.68,12.6
1429,Hovedstaden,København K,55.68,12.6
1430,Hovedstaden,København K,55.68,12.6
1432,Hovedstaden,København K,55.69,12.61
1433,Hovedstaden,København K,55.7,12.62
1434,Hovedstaden,København K,55.68,12.6
1435,Hovedstaden,København K,55.68,12.61
1436,Hovedstaden,København K,55.68,12.6
1437,Hovedstaden,København K,55.68,12.61
1438,Hovedstaden,København K,55.68,12.6
1439,Hovedstaden,København K,55.68,12.61
1440,Hovedstaden,København K,55.67,12.61
1441,Hovedstaden,København K,55.67,12.61
1450,Hovedstaden,København K,55.68,12.57
1451,Hovedstaden,København K,55.68,12.57
1452,Hovedstaden,København K,55.68,12.57
1453,Hovedstaden,København K,55.68,12.57
1454,Hovedstaden,København K,55.68,12.57
1455,Hovedstaden,København K,55.68,12.57
1456,Hovedstaden,København K,55.68,12.57
1457,Hovedstaden,København K,55.68,12.57
1458,Hovedstaden,København K,55.68,12.57
1459,Hovedstaden,København K,55.68,12.57
1460,Hovedstaden,København K,55.68,12.57
1461,Hovedstaden,København K,55.68,12.57
1462,Hovedstaden,København K,55.68,12.57
1463,Hovedstaden,København K,55.68,12.57
1464,Hovedstaden,København K,55.68,12.57
1465,Hovedstaden,København K,55.68,12.57
1466,Hovedstaden,København K,55.68,12.57
1467,Hovedstaden,København K,55.68,12.57
1468,Hovedstaden,København K,55.68,12.57
1470,Hovedstaden,København K,55.68,12.57
1471,Hovedstaden,København K,55.67,12.58
1472,Hovedstaden,København K,55.67,12.58
1473,Hovedstaden,København K,55.67,12.58
1500,Hovedstaden,København V,55.68,12.57
1501,Hovedstaden,København V,55.68,12.57
1502,Hovedstaden,København V,55.68,12.57
1503,Hovedstaden,København V,55.68,12.57
1504,Hovedstaden,København V,55.68,12.57
1505,Hovedstaden,København V,55.68,12.57
1506,Hovedstaden,København V,55.68,12.57
1507,Hovedstaden,København V,55.68,12.57
1508,Hovedstaden,København V,55.68,12.57
1509,Hovedstaden,København V,55.68,12.57
1510,Hovedstaden,København V,55.68,12.57
1550,Hovedstaden,København V,55.68,12.57
1551,Hovedstaden,København V,55.68,12.57
1552,Hovedstaden,København V,55.67,12.58
1553,Hovedstaden,København V,55.67,12.57
1554,Hovedstaden,København V,55.68,12.57
1555,Hovedstaden,København V,55.67,12.57
1556,Hovedstaden,København V,55.67,12.57
1557,Hovedstaden,København V,55.67,12.57
1558,Hovedstaden,København V,55.67,12.58
1559,Hovedstaden,København V,55.67,12.58
1560,Hovedstaden,København V,55.67,12.57
1561,Hovedstaden,København V,55.66,12.56
1562,Hovedstaden,København V,55.67,12.57
1563,Hovedstaden,København V,55.67,12.57
1564,Hovedstaden,København V,55.67,12.58
1567,Hovedstaden,København V,55.67,12.57
1568,Hovedstaden,København V,55.67,12.57
1569,Hovedstaden,København V,55.67,12.57
1570,Hovedstaden,København V,55.67,12.56
1571,Hovedstaden,København V,55.67,12.57
1572,Hovedstaden,København V,55.67,12.57
1573,Hovedstaden,København V,55.67,12.57
1574,Hovedstaden,København V,55.67,12.57
1575,Hovedstaden,København V,55.67,12.57
1576,Hovedstaden,København V,55.67,12.57
1577,Hovedstaden,København V,55.67,12.57
1600,Hovedstaden,København V,55.68,12.56
1601,Hovedstaden,København V,55.68,12.56
1602,Hovedstaden,København V,55.68,12.56
1603,Hovedstaden,København V,55.68,12.56
1604,Hovedstaden,København V,55.68,12.56
1605,Hovedstaden,København V,55.68,12.56
1606,Hovedstaden,København V,55.68,12.56
1607,Hovedstaden,København V,55.68,12.56
1608,Hovedstaden,København V,55.68,12.57
1609,Hovedstaden,København V,55.68,12.56
1610,Hovedstaden,København V,55.67,12.56
1611,Hovedstaden,København V,55.68,12.56
1612,Hovedstaden,København V,55.68,12.56
1613,Hovedstaden,København V,55.67,12.56
1614,Hovedstaden,København V,55.67,12.56
1615,Hovedstaden,København V,55.67,12.56
1616,Hovedstaden,København V,55.67,12.56
1617,Hovedstaden,København V,55.67,12.55
1618,Hovedstaden,København V,55.67,12.55
1619,Hovedstaden,København V,55.67,12.55
1620,Hovedstaden,København V,55.67,12.55
1621,Hovedstaden,København V,55.67,12.55
1622,Hovedstaden,København V,55.67,12.55
1623,Hovedstaden,København V,55.67,12.55
1624,Hovedstaden,København V,55.67,12.55
1631,Hovedstaden,København V,55.68,12.56
1632,Hovedstaden,København V,55.68,12.56
1633,Hovedstaden,København V,55.68,12.56
1634,Hovedstaden,København V,55.68,12.56
1635,Hovedstaden,København V,55.68,12.56
1650,Hovedstaden,København V,55.67,12.56
1651,Hovedstaden,København V,55.67,12.56
1652,Hovedstaden,København V,55.67,12.56
1653,Hovedstaden,København V,55.67,12.56
1654,Hovedstaden,København V,55.67,12.56
1655,Hovedstaden,København V,55.67,12.56
1656,Hovedstaden,København V,55.67,12.56
1657,Hovedstaden,København V,55.67,12.56
1658,Hovedstaden,København V,55.67,12.55
1659,Hovedstaden,København V,55.67,12.55
1660,Hovedstaden,København V,55.67,12.55
1661,Hovedstaden,København V,55.67,12.55
1662,Hovedstaden,København V,55.67,12.55
1663,Hovedstaden,København V,55.67,12.55
1664,Hovedstaden,København V,55.67,12.55
1665,Hovedstaden,København V,55.67,12.55
1666,Hovedstaden,København V,55.67,12.55
1667,Hovedstaden,København V,55.67,12.55
1668,Hovedstaden,København V,55.67,12.55
1669,Hovedstaden,København V,55.67,12.55
1670,Hovedstaden,København V,55.67,12.55
1671,Hovedstaden,København V,55.67,12.55
1672,Hovedstaden,København V,55.67,12.55
1673,Hovedstaden,København V,55.67,12.55
1674,Hovedstaden,København V,55.67,12.54
1675,Hovedstaden,København V,55.67,12.55
1676,Hovedstaden,København V,55.67,12.55
1677,Hovedstaden,København V,55.67,12.55
1699,Hovedstaden,København V,55.67,12.56
1700,Hovedstaden,København V,55.67,12.56
1701,Hovedstaden,København V,55.67,12.56
1702,Hovedstaden,København V,55.67,12.56
1703,Hovedstaden,København V,55.67,12.56
1704,Hovedstaden,København V,55.67,12.57
1705,Hovedstaden,København V,55.66,12.55
1706,Hovedstaden,København V,55.67,12.56
1707,Hovedstaden,København V,55.67,12.56
1708,Hovedstaden,København V,55.67,12.56
1709,Hovedstaden,København V,55.67,12.55
1710,Hovedstaden,København V,55.67,12.56
1711,Hovedstaden,København V,55.67,12.56
1712,Hovedstaden,København V,55.67,12.56
1714,Hovedstaden,København V,55.67,12.56
1715,Hovedstaden,København V,55.67,12.56
1716,Hovedstaden,København V,55.67,12.56
1717,Hovedstaden,København V,55.67,12.56
1718,Hovedstaden,København V,55.67,12.56
1719,Hovedstaden,København V,55.67,12.56
1720,Hovedstaden,København V,55.66,12.55
1721,Hovedstaden,København V,55.67,12.55
1722,Hovedstaden,København V,55.67,12.55
1723,Hovedstaden,København V,55.67,12.55
1724,Hovedstaden,København V,55.67,12.55
1725,Hovedstaden,København V,55.67,12.55
1726,Hovedstaden,København V,55.67,12.55
1727,Hovedstaden,København V,55.67,12.55
1728,Hovedstaden,København V,55.66,12.55
1729,Hovedstaden,København V,55.66,12.55
1730,Hovedstaden,København V,55.66,12.55
1731,Hovedstaden,København V,55.66,12.55
1732,Hovedstaden,København V,55.66,12.55
1733,Hovedstaden,København V,55.66,12.54
1734,Hovedstaden,København V,55.67,12.55
1735,Hovedstaden,København V,55.67,12.55
1736,Hovedstaden,København V,55.67,12.54
1737,Hovedstaden,København V,55.66,12.54
1738,Hovedstaden,København V,55.66,12.54
1739,Hovedstaden,København V,55.66,12.54
1749,Hovedstaden,København V,55.67,12.54
1750,Hovedstaden,København V,55.67,12.54
1751,Hovedstaden,København V,55.67,12.54
1752,Hovedstaden,København V,55.67,12.54
1753,Hovedstaden,København V,55.67,12.54
1754,Hovedstaden,København V,55.67,12.54
1755,Hovedstaden,København V,55.67,12.54
1756,Hovedstaden,København V,55.67,12.54
1757,Hovedstaden,København V,55.67,12.54
1758,Hovedstaden,København V,55.67,12.54
1759,Hovedstaden,København V,55.67,12.54
1760,Hovedstaden,København V,55.67,12.54
1761,Hovedstaden,København V,55.67,12.54
1762,Hovedstaden,København V,55.67,12.54
1763,Hovedstaden,København V,55.67,12.54
1764,Hovedstaden,København V,55.67,12.54
1765,Hovedstaden,København V,55.66,12.54
1766,Hovedstaden,København V,55.66,12.54
1770,Hovedstaden,København V,55.67,12.54
1771,Hovedstaden,København V,55.67,12.54
1772,Hovedstaden,København V,55.67,12.54
1773,Hovedstaden,København V,55.67,12.54
1774,Hovedstaden,København V,55.67,12.54
1775,Hovedstaden,København V,55.67,12.54
1777,Hovedstaden,København V,55.67,12.54
1799,Hovedstaden,København V,32.09,34.86
1800,Hovedstaden,Frederiksberg C,55.67,12.53
1801,Hovedstaden,Frederiksberg C,55.67,12.54
1802,Hovedstaden,Frederiksberg C,55.67,12.53
1803,Hovedstaden,Frederiksberg C,55.67,12.53
1804,Hovedstaden,Frederiksberg C,55.67,12.53
1805,Hovedstaden,Frederiksberg C,55.67,12.53
1806,Hovedstaden,Frederiksberg C,55.67,12.53
1807,Hovedstaden,Frederiksberg C,55.67,12.53
1808,Hovedstaden,Frederiksberg C,55.67,12.53
1809,Hovedstaden,Frederiksberg C,55.67,12.54
1810,Hovedstaden,Frederiksberg C,55.67,12.54
1811,Hovedstaden,Frederiksberg C,55.67,12.54
1812,Hovedstaden,Frederiksberg C,55.67,12.54
1813,Hovedstaden,Frederiksberg C,55.67,12.54
1814,Hovedstaden,Frederiksberg C,55.67,12.54
1815,Hovedstaden,Frederiksberg C,55.67,12.54
1816,Hovedstaden,Frederiksberg C,55.67,12.54
1817,Hovedstaden,Frederiksberg C,55.67,12.54
1818,Hovedstaden,Frederiksberg C,55.67,12.54
1819,Hovedstaden,Frederiksberg C,55.67,12.55
1820,Hovedstaden,Frederiksberg C,55.67,12.54
1822,Hovedstaden,Frederiksberg C,55.67,12.55
1823,Hovedstaden,Frederiksberg C,55.67,12.55
1824,Hovedstaden,Frederiksberg C,55.67,12.55
1825,Hovedstaden,Frederiksberg C,55.67,12.55
1826,Hovedstaden,Frederiksberg C,55.67,12.54
1827,Hovedstaden,Frederiksberg C,55.67,12.54
1828,Hovedstaden,Frederiksberg C,55.68,12.54
1829,Hovedstaden,Frederiksberg C,55.68,12.54
1850,Hovedstaden,Frederiksberg C,55.68,12.54
1851,Hovedstaden,Frederiksberg C,55.68,12.54
1852,Hovedstaden,Frederiksberg C,55.68,12.54
1853,Hovedstaden,Frederiksberg C,55.68,12.54
1854,Hovedstaden,Frederiksberg C,55.68,12.53
1855,Hovedstaden,Frederiksberg C,55.68,12.54
1856,Hovedstaden,Frederiksberg C,55.68,12.54
1857,Hovedstaden,Frederiksberg C,55.68,12.54
1860,Hovedstaden,Frederiksberg C,55.68,12.54
1861,Hovedstaden,Frederiksberg C,55.68,12.53
1862,Hovedstaden,Frederiksberg C,55.68,12.54
1863,Hovedstaden,Frederiksberg C,55.68,12.54
1864,Hovedstaden,Frederiksberg C,55.68,12.54
1865,Hovedstaden,Frederiksberg C,55.68,12.54
1866,Hovedstaden,Frederiksberg C,55.68,12.54
1867,Hovedstaden,Frederiksberg C,55.68,12.54
1868,Hovedstaden,Frederiksberg C,55.68,12.54
1870,Hovedstaden,Frederiksberg C,55.68,12.54
1871,Hovedstaden,Frederiksberg C,55.68,12.54
1872,Hovedstaden,Frederiksberg C,55.68,12.54
1873,Hovedstaden,Frederiksberg C,55.68,12.54
1874,Hovedstaden,Frederiksberg C,55.68,12.55
1875,Hovedstaden,Frederiksberg C,55.68,12.54
1876,Hovedstaden,Frederiksberg C,55.68,12.54
1877,Hovedstaden,Frederiksberg C,55.68,12.54
1878,Hovedstaden,Frederiksberg C,55.68,12.54
1879,Hovedstaden,Frederiksberg C,55.68,12.55
1900,Hovedstaden,Frederiksberg C,55.68,12.56
1901,Hovedstaden,Frederiksberg C,55.68,12.55
1902,Hovedstaden,Frederiksberg C,55.68,12.55
1903,Hovedstaden,Frederiksberg C,55.68,12.55
1904,Hovedstaden,Frederiksberg C,55.68,12.55
1905,Hovedstaden,Frederiksberg C,55.68,12.55
1906,Hovedstaden,Frederiksberg C,55.68,12.55
1908,Hovedstaden,Frederiksberg C,55.67,12.55
1909,Hovedstaden,Frederiksberg C,55.68,12.55
1910,Hovedstaden,Frederiksberg C,55.68,12.55
1911,Hovedstaden,Frederiksberg C,55.68,12.55
1912,Hovedstaden,Frederiksberg C,55.68,12.55
1913,Hovedstaden,Frederiksberg C,55.68,12.55
1914,Hovedstaden,Frederiksberg C,55.68,12.55
1915,Hovedstaden,Frederiksberg C,55.68,12.55
1916,Hovedstaden,Frederiksberg C,55.68,12.56
1917,Hovedstaden,Frederiksberg C,55.68,12.56
1920,Hovedstaden,Frederiksberg C,55.68,12.55
1921,Hovedstaden,Frederiksberg C,55.68,12.55
1922,Hovedstaden,Frederiksberg C,55.68,12.55
1923,Hovedstaden,Frederiksberg C,55.68,12.55
1924,Hovedstaden,Frederiksberg C,55.68,12.55
1925,Hovedstaden,Frederiksberg C,55.68,12.55
1926,Hovedstaden,Frederiksberg C,55.68,12.56
1927,Hovedstaden,Frederiksberg C,55.68,12.56
1928,Hovedstaden,Frederiksberg C,55.68,12.56
1950,Hovedstaden,Frederiksberg C,55.68,12.54
1951,Hovedstaden,Frederiksberg C,55.68,12.54
1952,Hovedstaden,Frederiksberg C,55.68,12.54
1953,Hovedstaden,Frederiksberg C,55.68,12.54
1954,Hovedstaden,Frederiksberg C,55.68,12.54
1955,Hovedstaden,Frederiksberg C,55.68,12.54
1956,Hovedstaden,Frederiksberg C,55.68,12.54
1957,Hovedstaden,Frederiksberg C,55.68,12.54
1958,Hovedstaden,Frederiksberg C,55.69,12.54
1959,Hovedstaden,Frederiksberg C,55.69,12.54
1960,Hovedstaden,Frederiksberg C,55.68,12.55
1961,Hovedstaden,Frederiksberg C,55.68,12.55
1962,Hovedstaden,Frederiksberg C,55.68,12.55
1963,Hovedstaden,Frederiksberg C,55.68,12.55
1964,Hovedstaden,Frederiksberg C,55.68,12.55
1965,Hovedstaden,Frederiksberg C,55.68,12.55
1966,Hovedstaden,Frederiksberg C,55.68,12.55
1967,Hovedstaden,Frederiksberg C,55.68,12.55
1970,Hovedstaden,Frederiksberg C,55.68,12.55
1971,Hovedstaden,Frederiksberg C,55.68,12.55
1972,Hovedstaden,Frederiksberg C,55.68,12.55
1973,Hovedstaden,Frederiksberg C,55.68,12.55
1974,Hovedstaden,Frederiksberg C,55.68,12.55
2000,Hovedstaden,Frederiksberg,55.68,12.51
2100,Hovedstaden,København Ø,55.71,12.58
2150,Hovedstaden,Nordhavn,55.72,12.61
2200,Hovedstaden,København N,55.69,12.55
2300,Hovedstaden,København S,55.64,12.58
2400,Hovedstaden,København NV,55.71,12.53
2450,Hovedstaden,København SV,55.65,12.54
2500,Hovedstaden,Valby,55.66,12.5
2600,Hovedstaden,Glostrup,55.68,12.41
2605,Hovedstaden,Brøndby,55.65,12.41
2610,Hovedstaden,Rødovre,55.69,12.45
2620,Hovedstaden,Albertslund,55.68,12.34
2625,Hovedstaden,Vallensbæk,55.64,12.36
2630,Hovedstaden,Taastrup,55.67,12.3
2635,Hovedstaden,Ishøj,55.62,12.32
2640,Hovedstaden,Hedehusene,55.65,12.19
2650,Hovedstaden,Hvidovre,55.62,12.48
2660,Hovedstaden,Brøndby Strand,55.62,12.42
2665,Hovedstaden,Vallensbæk Strand,55.62,12.39
2670,Sjælland,Greve,55.6,12.27
2680,Sjælland,Solrød Strand,55.53,12.19
2690,Sjælland,Karlslunde,55.57,12.22
2700,Hovedstaden,Brønshøj,55.71,12.49
2720,Hovedstaden,Vanløse,55.69,12.48
2730,Hovedstaden,Herlev,55.74,12.44
2740,Hovedstaden,Skovlunde,55.72,12.4
2750,Hovedstaden,Ballerup,55.73,12.36
2760,Hovedstaden,Måløv,55.76,12.31
2765,Hovedstaden,Smørum,55.73,12.29
2770,Hovedstaden,Kastrup,55.61,12.61
2791,Hovedstaden,Dragør,55.58,12.6
2800,Hovedstaden,Kgs. Lyngby,55.78,12.51
2820,Hovedstaden,Gentofte,55.76,12.53
2830,Hovedstaden,Virum,55.79,12.46
2840,Hovedstaden,Holte,55.82,12.48
2850,Hovedstaden,Nærum,55.81,12.54
2860,Hovedstaden,Søborg,55.74,12.49
2870,Hovedstaden,Dyssegård,55.73,12.53
2880,Hovedstaden,Bagsværd,55.76,12.45
2900,Hovedstaden,Hellerup,55.74,12.57
2920,Hovedstaden,Charlottenlund,55.75,12.5833
2930,Hovedstaden,Klampenborg,55.78,12.58
2942,Hovedstaden,Skodsborg,55.83,12.57
2950,Hovedstaden,Vedbæk,55.85,12.54
2960,Hovedstaden,Rungsted Kyst,55.89,12.53
2970,Hovedstaden,Hørsholm,55.88,12.47
2980,Hovedstaden,Kokkedal,55.92,12.45
2990,Hovedstaden,Nivå,55.93,12.5
3000,Hovedstaden,Helsingør,56.04,12.55
3050,Hovedstaden,Humlebæk,55.95,12.51
3060,Hovedstaden,Espergærde,56,12.54
3070,Hovedstaden,Snekkersten,56.01,12.57
3080,Hovedstaden,Tikøb,56.03,12.46
3100,Hovedstaden,Hornbæk,56.08,12.46
3120,Hovedstaden,Dronningmølle,56.08,12.4
3140,Hovedstaden,Ålsgårde,56.07,12.51
3150,Hovedstaden,Hellebæk,56.06,12.55
3200,Hovedstaden,Helsinge,56.02,12.21
3210,Hovedstaden,Vejby,56.07,12.14
3220,Hovedstaden,Tisvildeleje,56.04,12.08
3230,Hovedstaden,Græsted,56.05,12.31
3250,Hovedstaden,Gilleleje,56.11,12.31
3300,Hovedstaden,Frederiksværk,56.01,12.02
3310,Hovedstaden,Ølsted,55.91,12.07
3320,Hovedstaden,Skævinge,55.93,12.15
3330,Hovedstaden,Gørløse,55.88,12.2
3360,Hovedstaden,Liseleje,56.01,11.97
3370,Hovedstaden,Melby,55.99,11.97
3390,Hovedstaden,Hundested,55.98,11.91
3400,Hovedstaden,Hillerød,55.92,12.3
3450,Hovedstaden,Allerød,55.88,12.36
3460,Hovedstaden,Birkerød,55.86,12.42
3480,Hovedstaden,Fredensborg,55.97,12.41
3490,Hovedstaden,Kvistgård,56,12.5
3500,Hovedstaden,Værløse,55.77,12.35
3520,Hovedstaden,Farum,55.82,12.36
3540,Hovedstaden,Lynge,55.85,12.28
3550,Hovedstaden,Slangerup,55.86,12.18
3600,Hovedstaden,Frederikssund,55.82,12.1
3630,Hovedstaden,Jægerspris,55.83,11.97
3650,Hovedstaden,Ølstykke,55.79,12.15
3660,Hovedstaden,Stenløse,55.8,12.27
3670,Hovedstaden,Veksø Sjælland,55.76,12.24
4000,Sjælland,Roskilde,55.64,12.12
4030,Sjælland,Tune,55.59,12.17
4040,Sjælland,Jyllinge,55.76,12.11
4050,Hovedstaden,Skibby,55.77,11.97
4060,Sjælland,Kirke Såby,55.66,11.86
4070,Sjælland,Kirke Hyllinge,55.7,11.91
4100,Sjælland,Ringsted,55.43,11.81
4130,Sjælland,Viby Sjælland,55.56,12.01
4140,Sjælland,Borup,55.5,11.95
4160,Sjælland,Herlufmagle,55.31,11.77
4171,Sjælland,Glumsø,55.36,11.69
4173,Sjælland,Fjenneslev,55.44,11.66
4174,Sjælland,Jystrup Midtsj,55.53,11.87
4180,Sjælland,Sorø,55.46,11.55
4190,Sjælland,Munke Bjergby,55.49,11.49
4200,Sjælland,Slagelse,55.43,11.35
4220,Sjælland,Korsør,55.37,11.2
4230,Sjælland,Skælskør,55.24,11.31
4241,Sjælland,Vemmelev,55.36,11.27
4242,Sjælland,Boeslunde,55.31,11.27
4243,Sjælland,Rude,55.23,11.47
4250,Sjælland,Fuglebjerg,55.32,11.56
4261,Sjælland,Dalmose,55.28,11.43
4262,Sjælland,Sandved,55.24,11.54
4270,Sjælland,Høng,55.51,11.3
4281,Sjælland,Gørlev,55.52,11.21
4291,Sjælland,Ruds Vedby,55.55,11.38
4293,Sjælland,Dianalund,55.54,11.48
4295,Sjælland,Stenlille,55.54,11.59
4296,Sjælland,Nyrup,55.54,11.65
4300,Sjælland,Holbæk,55.71,11.72
4320,Sjælland,Lejre,55.59,11.96
4330,Sjælland,Hvalsø,55.6,11.86
4340,Sjælland,Tølløse,55.61,11.74
4350,Sjælland,Ugerløse,55.59,11.66
4360,Sjælland,Kirke Eskilstrup,55.56,11.78
4370,Sjælland,Store Merløse,55.54,11.71
4390,Sjælland,Vipperød,55.67,11.74
4400,Sjælland,Kalundborg,55.67,11.19
4420,Sjælland,Regstrup,55.67,11.6
4440,Sjælland,Mørkøv,55.64,11.5
4450,Sjælland,Jyderup,55.64,11.39
4460,Sjælland,Snertinge,55.71,11.39
4470,Sjælland,Svebølle,55.65,11.29
4480,Sjælland,Store Fuglede,55.57,11.2
4490,Sjælland,Jerslev Sjælland,55.61,11.24
4500,Sjælland,Nykøbing Sj,55.93,11.68
4520,Sjælland,Svinninge,55.72,11.49
4532,Sjælland,Gislinge,55.74,11.56
4534,Sjælland,Hørve,55.75,11.43
4540,Sjælland,Fårevejle,55.82,11.43
4550,Sjælland,Asnæs,55.81,11.49
4560,Sjælland,Vig,55.85,11.58
4571,Sjælland,Grevinge,55.8,11.59
4572,Sjælland,Nørre Asmindrup,55.87,11.61
4573,Sjælland,Højby,55.92,11.57
4581,Sjælland,Rørvig,55.95,11.75
4583,Sjælland,Sjællands Odde,55.97,11.37
4591,Sjælland,Føllenslev,55.73,11.36
4592,Sjælland,Sejerø,55.89,11.14
4593,Sjælland,Eskebjerg,55.72,11.29
4600,Sjælland,Køge,55.46,12.18
4621,Sjælland,Gadstrup,55.57,12.09
4622,Sjælland,Havdrup,55.54,12.11
4623,Sjælland,Lille Skensved,55.51,12.09
4632,Sjælland,Bjæverskov,55.46,12.03
4640,Sjælland,Faxe,55.27,12.13
4652,Sjælland,Hårlev,55.36,12.22
4653,Sjælland,Karise,55.31,12.2
4654,Sjælland,Faxe Ladeplads,55.22,12.15
4660,Sjælland,Store Heddinge,55.32,12.37
4671,Sjælland,Strøby,55.39,12.29
4672,Sjælland,Klippinge,55.36,12.35
4673,Sjælland,Rødvig Stevns,55.26,12.35
4681,Sjælland,Herfølge,55.41,12.13
4682,Sjælland,Tureby,55.37,12.06
4683,Sjælland,Rønnede,55.24,12.03
4684,Sjælland,Holmegaard,55.26,11.88
4690,Sjælland,Haslev,55.33,11.96
4700,Sjælland,Næstved,55.21,11.84
4720,Sjælland,Præstø,55.09,12.05
4733,Sjælland,Tappernøje,55.18,11.97
4735,Sjælland,Mern,55.04,12.07
4736,Sjælland,Karrebæksminde,55.2,11.64
4750,Sjælland,Lundby,55.11,11.86
4760,Sjælland,Vordingborg,55.03,11.91
4771,Sjælland,Kalvehave,55.01,12.13
4772,Sjælland,Langebæk,55,12.08
4773,Sjælland,Stensved,54.99,12.03
4780,Sjælland,Stege,54.95,12.26
4791,Sjælland,Borre,54.99,12.48
4792,Sjælland,Askeby,54.91,12.18
4793,Sjælland,Bogø By,54.92,12.04
4800,Sjælland,Nykøbing F,54.8,11.91
4840,Sjælland,Nørre Alslev,54.9,11.85
4850,Sjælland,Stubbekøbing,54.86,12.02
4862,Sjælland,Guldborg,54.86,11.73
4863,Sjælland,Eskilstrup,54.85,11.9
4871,Sjælland,Horbelev,54.81,12.07
4872,Sjælland,Idestrup,54.74,11.99
4873,Sjælland,Væggerløse,54.69,11.92
4874,Sjælland,Gedser,54.62,11.92
4880,Sjælland,Nysted,54.66,11.77
4891,Sjælland,Toreby L,54.75,11.78
4892,Sjælland,Kettinge,54.71,11.76
4894,Sjælland,Øster Ulslev,54.7,11.6
4895,Sjælland,Errindlev,54.66,11.51
4900,Sjælland,Nakskov,54.86,11.12
4912,Sjælland,Harpelunde,54.88,11.06
4913,Sjælland,Horslunde,54.92,11.21
4920,Sjælland,Søllested,54.8,11.29
4930,Sjælland,Maribo,54.78,11.47
4941,Sjælland,Bandholm,54.83,11.47
4943,Sjælland,Torrig L,54.91,11.33
4944,Sjælland,Fejø,54.95,11.42
4951,Sjælland,Nørreballe,54.81,11.43
4952,Sjælland,Stokkemarke,54.84,11.37
4953,Sjælland,Vesterborg,54.87,11.28
4960,Sjælland,Holeby,54.71,11.54
4970,Sjælland,Rødby,54.72,11.36
4983,Sjælland,Dannemare,54.76,11.21
4990,Sjælland,Sakskøbing,54.78,11.65
5000,Syddanmark,Odense C,55.41,10.4
5200,Syddanmark,Odense V,55.39,10.32
5210,Syddanmark,Odense NV,55.42,10.29
5220,Syddanmark,Odense SØ,55.36,10.49
5230,Syddanmark,Odense M,55.38,10.4
5240,Syddanmark,Odense NØ,55.42,10.45
5250,Syddanmark,Odense SV,55.36,10.29
5260,Syddanmark,Odense S,55.33,10.37
5270,Syddanmark,Odense N,55.44,10.36
5290,Syddanmark,Marslev,55.4,10.53
5300,Syddanmark,Kerteminde,55.43,10.65
5320,Syddanmark,Agedrup,55.44,10.49
5330,Syddanmark,Munkebo,55.45,10.53
5350,Syddanmark,Rynkeby,55.4,10.63
5370,Syddanmark,Mesinge,55.5,10.63
5380,Syddanmark,Dalby,55.52,10.69
5390,Syddanmark,Martofte,55.56,10.64
5400,Syddanmark,Bogense,55.55,10.11
5450,Syddanmark,Otterup,55.52,10.4
5462,Syddanmark,Morud,55.43,10.2
5463,Syddanmark,Harndrup,55.45,10.02
5464,Syddanmark,Brenderup Fyn,55.49,9.99
5466,Syddanmark,Asperup,55.5,9.91
5471,Syddanmark,Søndersø,55.51,10.13
5474,Syddanmark,Veflinge,55.47,10.14
5485,Syddanmark,Skamby,55.52,10.29
5491,Syddanmark,Blommenslyst,55.39,10.24
5492,Syddanmark,Vissenbjerg,55.39,10.15
5500,Syddanmark,Middelfart,55.51,9.81
5540,Syddanmark,Ullerslev,55.39,10.66
5550,Syddanmark,Langeskov,55.36,10.59
5560,Syddanmark,Aarup,55.38,10.05
5580,Syddanmark,Nørre Aaby,55.44,9.84
5591,Syddanmark,Gelsted,55.41,9.96
5592,Syddanmark,Ejby,55.41,9.9
5600,Syddanmark,Faaborg,55.13,10.25
5610,Syddanmark,Assens,55.29,9.93
5620,Syddanmark,Glamsbjerg,55.29,10.08
5631,Syddanmark,Ebberup,55.23,9.98
5642,Syddanmark,Millinge,55.15,10.17
5672,Syddanmark,Broby,55.25,10.25
5683,Syddanmark,Haarby,55.22,10.11
5690,Syddanmark,Tommerup,55.31,10.2
5700,Syddanmark,Svendborg,55.02,10.61
5750,Syddanmark,Ringe,55.23,10.44
5762,Syddanmark,Vester Skerninge,55.08,10.44
5771,Syddanmark,Stenstrup,55.14,10.53
5772,Syddanmark,Kværndrup,55.18,10.55
5792,Syddanmark,Årslev,55.3,10.4
5800,Syddanmark,Nyborg,55.32,10.76
5853,Syddanmark,Ørbæk,55.27,10.63
5854,Syddanmark,Gislev,55.22,10.62
5856,Syddanmark,Ryslinge,55.24,10.55
5863,Syddanmark,Ferritslev Fyn,55.32,10.59
5871,Syddanmark,Frørup,55.23,10.76
5874,Syddanmark,Hesselager,55.18,10.77
5881,Syddanmark,Skårup Fyn,55.08,10.69
5882,Syddanmark,Vejstrup,55.1,10.73
5883,Syddanmark,Oure,55.12,10.72
5884,Syddanmark,Gudme,55.15,10.7
5892,Syddanmark,Gudbjerg Sydfyn,55.15,10.63
5900,Syddanmark,Rudkøbing,54.89,10.75
5932,Syddanmark,Humble,54.81,10.69
5935,Syddanmark,Bagenkop,54.75,10.7
5953,Syddanmark,Tranekær,55.04,10.87
5960,Syddanmark,Marstal,54.86,10.49
5970,Syddanmark,Ærøskøbing,54.86,10.39
5985,Syddanmark,Søby Ærø,54.93,10.26
6000,Syddanmark,Kolding,55.51,9.44
6040,Syddanmark,Egtved,55.59,9.36
6051,Syddanmark,Almind,55.56,9.47
6052,Syddanmark,Viuf,55.6,9.49
6064,Syddanmark,Jordrup,55.55,9.31
6070,Syddanmark,Christiansfeld,55.37,9.45
6091,Syddanmark,Bjert,55.46,9.57
6092,Syddanmark,Sønder Stenderup,55.46,9.63
6093,Syddanmark,Sjølund,55.4,9.54
6094,Syddanmark,Hejls,55.39,9.59
6100,Syddanmark,Haderslev,55.28,9.48
6200,Syddanmark,Aabenraa,54.97,9.44
6230,Syddanmark,Rødekro,55.07,9.29
6240,Syddanmark,Løgumkloster,55.05,8.97
6261,Syddanmark,Bredebro,55.06,8.78
6270,Syddanmark,Tønder,54.97,8.88
6280,Syddanmark,Højer,54.97,8.71
6300,Syddanmark,Gråsten,54.93,9.53
6310,Syddanmark,Broager,54.87,9.7
6320,Syddanmark,Egernsund,54.91,9.62
6330,Syddanmark,Padborg,54.85,9.33
6340,Syddanmark,Kruså,54.87,9.45
6360,Syddanmark,Tinglev,54.94,9.24
6372,Syddanmark,Bylderup-Bov,54.99,9.13
6392,Syddanmark,Bolderslev,55,9.25
6400,Syddanmark,Sønderborg,54.95,9.68
6430,Syddanmark,Nordborg,55.04,9.79
6440,Syddanmark,Augustenborg,54.96,9.92
6470,Syddanmark,Sydals,54.92,9.97
6500,Syddanmark,Vojens,55.25,9.28
6510,Syddanmark,Gram,55.27,8.98
6520,Syddanmark,Toftlund,55.18,9.01
6534,Syddanmark,Agerskov,55.12,9.18
6535,Syddanmark,Branderup J,55.12,9.07
6541,Syddanmark,Bevtoft,55.2,9.19
6560,Syddanmark,Sommersted,55.33,9.27
6580,Syddanmark,Vamdrup,55.41,9.33
6600,Syddanmark,Vejen,55.48,9.18
6621,Syddanmark,Gesten,55.53,9.21
6622,Syddanmark,Bække,55.58,9.16
6623,Syddanmark,Vorbasse,55.63,9.09
6630,Syddanmark,Rødding,55.4,9.08
6640,Syddanmark,Lunderskov,55.5,9.33
6650,Syddanmark,Brørup,55.53,9.02
6660,Syddanmark,Lintrup,55.42,8.98
6670,Syddanmark,Holsted,55.51,8.92
6682,Syddanmark,Hovborg,55.6,8.95
6683,Syddanmark,Føvling,55.44,8.93
6690,Syddanmark,Gørding,55.47,8.81
6700,Syddanmark,Esbjerg,55.48,8.44
6705,Syddanmark,Esbjerg Ø,55.5,8.5
6710,Syddanmark,Esbjerg V,55.55,8.36
6715,Syddanmark,Esbjerg N,55.54,8.52
6720,Syddanmark,Fanø,55.41,8.41
6731,Syddanmark,Tjæreborg,55.47,8.59
6740,Syddanmark,Bramming,55.48,8.72
6752,Syddanmark,Glejbjerg,55.56,8.84
6753,Syddanmark,Agerbæk,55.61,8.82
6760,Syddanmark,Ribe,55.31,8.77
6771,Syddanmark,Gredstedbro,55.39,8.69
6780,Syddanmark,Skærbæk,55.15,8.81
6792,Syddanmark,Rømø,55.14,8.51
6800,Syddanmark,Varde,55.66,8.54
6818,Syddanmark,Årre,55.57,8.64
6823,Syddanmark,Ansager,55.73,8.74
6830,Syddanmark,Nørre Nebel,55.78,8.28
6840,Syddanmark,Oksbøl,55.64,8.22
6851,Syddanmark,Janderup Vestj,55.65,8.37
6852,Syddanmark,Billum,55.61,8.33
6853,Syddanmark,Vejers Strand,55.63,8.13
6854,Syddanmark,Henne,55.72,8.23
6855,Syddanmark,Outrup,55.71,8.38
6857,Syddanmark,Blåvand,55.56,8.18
6862,Syddanmark,Tistrup,55.71,8.64
6870,Syddanmark,Ølgod,55.79,8.65
6880,Midtjylland,Tarm,55.88,8.61
6893,Midtjylland,Hemmet,55.84,8.36
6900,Midtjylland,Skjern,55.98,8.52
6920,Midtjylland,Videbæk,56.06,8.67
6933,Midtjylland,Kibæk,56,8.84
6940,Midtjylland,Lem St,56.04,8.39
6950,Midtjylland,Ringkøbing,56.13,8.31
6960,Midtjylland,Hvide Sande,55.86,8.17
6971,Midtjylland,Spjald,56.16,8.51
6973,Midtjylland,Ørnhøj,56.21,8.51
6980,Midtjylland,Tim,56.21,8.29
6990,Midtjylland,Ulfborg,56.26,8.29
7000,Syddanmark,Fredericia,55.58,9.66
7080,Syddanmark,Børkop,55.66,9.67
7100,Syddanmark,Vejle,55.72,9.52
7120,Syddanmark,Vejle Øst,55.73,9.63
7130,Midtjylland,Juelsminde,55.74,9.96
7140,Midtjylland,Stouby,55.71,9.82
7150,Midtjylland,Barrit,55.71,9.88
7160,Midtjylland,Tørring,55.86,9.5
7171,Midtjylland,Uldum,55.84,9.61
7173,Syddanmark,Vonge,55.87,9.42
7182,Syddanmark,Bredsten,55.7,9.36
7183,Syddanmark,Randbøl,55.69,9.26
7184,Syddanmark,Vandel,55.72,9.18
7190,Syddanmark,Billund,55.74,9.09
7200,Syddanmark,Grindsted,55.77,8.89
7250,Syddanmark,Hejnsvig,55.69,8.98
7260,Syddanmark,Sønder Omme,55.86,8.92
7270,Midtjylland,Stakroge,55.9,8.82
7280,Midtjylland,Sønder Felding,55.94,8.81
7300,Syddanmark,Jelling,55.79,9.43
7321,Syddanmark,Gadbjerg,55.75,9.29
7323,Syddanmark,Give,55.83,9.24
7330,Midtjylland,Brande,55.94,9.08
7361,Midtjylland,Ejstrupholm,56.01,9.23
7362,Midtjylland,Hampen,56.06,9.36
7400,Midtjylland,Herning,56.13,8.95
7430,Midtjylland,Ikast,56.14,9.15
7441,Midtjylland,Bording,56.14,9.28
7442,Midtjylland,Engesvang,56.2,9.32
7451,Midtjylland,Sunds,56.26,8.99
7470,Midtjylland,Karup J,56.34,9.15
7480,Midtjylland,Vildbjerg,56.19,8.71
7490,Midtjylland,Aulum,56.27,8.81
7500,Midtjylland,Holstebro,56.33,8.63
7540,Midtjylland,Haderup,56.35,8.96
7550,Midtjylland,Sørvad,56.25,8.65
7560,Midtjylland,Hjerm,56.43,8.65
7570,Midtjylland,Vemb,56.35,8.38
7600,Midtjylland,Struer,56.47,8.55
7620,Midtjylland,Lemvig,56.54,8.24
7650,Midtjylland,Bøvlingbjerg,56.44,8.2
7660,Midtjylland,Bækmarksbro,56.43,8.32
7673,Midtjylland,Harboøre,56.61,8.18
7680,Midtjylland,Thyborøn,56.68,8.2
7700,Nordjylland,Thisted,57.01,8.66
7730,Nordjylland,Hanstholm,57.09,8.64
7741,Nordjylland,Frøstrup,57.08,8.95
7742,Nordjylland,Vesløs,57.03,9.05
7752,Nordjylland,Snedsted,56.88,8.55
7755,Nordjylland,Bedsted Thy,56.83,8.39
7760,Nordjylland,Hurup Thy,56.74,8.42
7770,Nordjylland,Vestervig,56.79,8.31
7790,Midtjylland,Thyholm,56.64,8.52
7800,Midtjylland,Skive,56.52,9
7830,Midtjylland,Vinderup,56.45,8.8
7840,Midtjylland,Højslev,56.56,9.17
7850,Midtjylland,Stoholm Jyll,56.49,9.12
7860,Midtjylland,Spøttrup,56.63,8.86
7870,Midtjylland,Roslev,56.71,9.02
7884,Midtjylland,Fur,56.83,9.02
7900,Nordjylland,Nykøbing M,56.82,8.81
7950,Nordjylland,Erslev,56.85,8.72
7960,Nordjylland,Karby,56.76,8.58
7970,Nordjylland,Redsted M,56.74,8.65
7980,Nordjylland,Vils,56.76,8.73
7990,Nordjylland,Øster Assels,56.7,8.7
8000,Midtjylland,Aarhus C,56.15,10.2
8200,Midtjylland,Aarhus N,56.2,10.17
8210,Midtjylland,Aarhus V,56.17,10.16
8220,Midtjylland,Brabrand,56.16,10.12
8230,Midtjylland,Åbyhøj,56.15,10.16
8240,Midtjylland,Risskov,56.2,10.22
8250,Midtjylland,Egå,56.23,10.28
8260,Midtjylland,Viby J,56.13,10.11
8270,Midtjylland,Højbjerg,56.11,10.21
8300,Midtjylland,Odder,55.94,10.18
8305,Midtjylland,Samsø,55.81,10.59
8310,Midtjylland,Tranbjerg J,56.08,10.13
8320,Midtjylland,Mårslet,56.07,10.17
8330,Midtjylland,Beder,56.06,10.24
8340,Midtjylland,Malling,56.03,10.19
8350,Midtjylland,Hundslund,55.92,10.06
8355,Midtjylland,Solbjerg,56.03,10.09
8361,Midtjylland,Hasselager,56.1,10.09
8362,Midtjylland,Hørning,56.1,10.03
8370,Midtjylland,Hadsten,56.34,10.09
8380,Midtjylland,Trige,56.27,10.16
8381,Midtjylland,Tilst,56.19,10.09
8382,Midtjylland,Hinnerup,56.27,10.04
8400,Midtjylland,Ebeltoft,56.26,10.7
8410,Midtjylland,Rønde,56.31,10.51
8420,Midtjylland,Knebel,56.19,10.49
8444,Midtjylland,Balle,56.31,10.8
8450,Midtjylland,Hammel,56.27,9.86
8462,Midtjylland,Harlev J,56.14,10
8464,Midtjylland,Galten,56.17,9.93
8471,Midtjylland,Sabro,56.21,10.01
8472,Midtjylland,Sporup,56.2,9.84
8500,Midtjylland,Grenaa,56.43,10.84
8520,Midtjylland,Lystrup,56.23,10.22
8530,Midtjylland,Hjortshøj,56.31,10.21
8541,Midtjylland,Skødstrup,56.28,10.33
8543,Midtjylland,Hornslet,56.33,10.28
8544,Midtjylland,Mørke,56.37,10.33
8550,Midtjylland,Ryomgård,56.38,10.5
8560,Midtjylland,Kolind,56.35,10.61
8570,Midtjylland,Trustrup,56.35,10.76
8581,Midtjylland,Nimtofte,56.41,10.58
8585,Midtjylland,Glesborg,56.5,10.68
8586,Midtjylland,Ørum Djurs,56.45,10.63
8592,Midtjylland,Anholt,56.72,11.58
8600,Midtjylland,Silkeborg,56.17,9.55
8620,Midtjylland,Kjellerup,56.27,9.39
8632,Midtjylland,Lemming,56.25,9.56
8641,Midtjylland,Sorring,56.18,9.79
8643,Midtjylland,Ans By,56.29,9.61
8653,Midtjylland,Them,56.09,9.54
8654,Midtjylland,Bryrup,56.03,9.48
8660,Midtjylland,Skanderborg,56.05,9.9
8670,Midtjylland,Låsby,56.16,9.81
8680,Midtjylland,Ry,56.11,9.79
8700,Midtjylland,Horsens,55.88,9.77
8721,Midtjylland,Daugård,55.72,9.72
8722,Midtjylland,Hedensted,55.76,9.71
8723,Midtjylland,Løsning,55.81,9.69
8732,Midtjylland,Hovedgård,55.95,9.97
8740,Midtjylland,Brædstrup,55.97,9.62
8751,Midtjylland,Gedved,55.94,9.85
8752,Midtjylland,Østbirk,55.96,9.75
8762,Midtjylland,Flemming,55.87,9.66
8763,Midtjylland,Rask Mølle,55.89,9.62
8765,Midtjylland,Klovborg,55.93,9.5
8766,Midtjylland,Nørre Snede,55.97,9.39
8781,Midtjylland,Stenderup,55.8,9.82
8783,Midtjylland,Hornsyld,55.77,9.85
8800,Midtjylland,Viborg,56.41,9.31
8830,Midtjylland,Tjele,56.53,9.61
8831,Midtjylland,Løgstrup,56.51,9.33
8832,Midtjylland,Skals,56.59,9.37
8840,Midtjylland,Rødkærsbro,56.34,9.5
8850,Midtjylland,Bjerringbro,56.39,9.63
8860,Midtjylland,Ulstrup,56.39,9.78
8870,Midtjylland,Langå,56.38,9.91
8881,Midtjylland,Thorsø,56.32,9.79
8882,Midtjylland,Fårvang,56.28,9.7
8883,Midtjylland,Gjern,56.23,9.75
8900,Midtjylland,Randers C,56.46,10.03
8920,Midtjylland,Randers NV,56.47,9.87
8930,Midtjylland,Randers NØ,56.5,10.15
8940,Midtjylland,Randers SV,56.42,10.02
8950,Midtjylland,Ørsted,56.51,10.34
8960,Midtjylland,Randers SØ,56.44,10.18
8961,Midtjylland,Allingåbro,56.49,10.45
8963,Midtjylland,Auning,56.43,10.39
8970,Midtjylland,Havndal,56.66,10.26
8981,Midtjylland,Spentrup,56.55,10
8983,Midtjylland,Gjerlev J,56.58,10.1
8990,Midtjylland,Fårup,56.57,9.84
9000,Nordjylland,Aalborg,57.04,9.89
9200,Nordjylland,Aalborg SV,57.01,9.89
9210,Nordjylland,Aalborg SØ,57.01,9.94
9220,Nordjylland,Aalborg Øst,57.05,10
9230,Nordjylland,Svenstrup J,56.96,9.84
9240,Nordjylland,Nibe,56.93,9.63
9260,Nordjylland,Gistrup,56.94,10.02
9270,Nordjylland,Klarup,57.02,10.06
9280,Nordjylland,Storvorde,56.93,10.24
9293,Nordjylland,Kongerslev,56.89,10.1
9300,Nordjylland,Sæby,57.32,10.46
9310,Nordjylland,Vodskov,57.09,10.08
9320,Nordjylland,Hjallerup,57.17,10.13
9330,Nordjylland,Dronninglund,57.2,10.34
9340,Nordjylland,Asaa,57.14,10.37
9352,Nordjylland,Dybvad,57.27,10.36
9362,Nordjylland,Gandrup,57.06,10.2
9370,Nordjylland,Hals,57.06,10.29
9380,Nordjylland,Vestbjerg,57.13,9.97
9381,Nordjylland,Sulsted,57.17,10.01
9382,Nordjylland,Tylstrup,57.21,9.93
9400,Nordjylland,Nørresundby,57.08,9.91
9430,Nordjylland,Vadum,57.13,9.86
9440,Nordjylland,Aabybro,57.1584,9.7367
9460,Nordjylland,Brovst,57.1,9.5333
9480,Nordjylland,Løkken,57.37,9.72
9490,Nordjylland,Pandrup,57.23,9.68
9492,Nordjylland,Blokhus,57.25,9.5833
9493,Nordjylland,Saltum,57.272, 9.698
9500,Nordjylland,Hobro,56.65,9.73
9510,Nordjylland,Arden,56.76,9.92
9520,Nordjylland,Skørping,56.86,9.94
9530,Nordjylland,Støvring,56.91,9.81
9541,Nordjylland,Suldrup,56.85,9.68
9550,Nordjylland,Mariager,56.62,10
9560,Nordjylland,Hadsund,56.75,10.17
9574,Nordjylland,Bælum,56.81,10.14
9575,Nordjylland,Terndrup,56.8,10.04
9600,Nordjylland,Aars,56.81,9.52
9610,Nordjylland,Nørager,56.75,9.63
9620,Nordjylland,Aalestrup,56.68,9.49
9631,Nordjylland,Gedsted,56.69,9.36
9632,Midtjylland,Møldrup,56.62,9.5
9640,Nordjylland,Farsø,56.78,9.31
9670,Nordjylland,Løgstør,56.92,9.31
9681,Nordjylland,Ranum,56.9,9.2
9690,Nordjylland,Fjerritslev,57.0813,9.2664
9700,Nordjylland,Brønderslev,57.28,9.9
9740,Nordjylland,Jerslev J,57.29,10.12
9750,Nordjylland,Østervrå,57.34,10.26
9760,Nordjylland,Vrå,57.36,10
9800,Nordjylland,Hjørring,57.45,9.96
9830,Nordjylland,Tårs,57.38,10.16
9850,Nordjylland,Hirtshals,57.56,9.99
9870,Nordjylland,Sindal,57.48,10.25
9881,Nordjylland,Bindslev,57.57,10.22
9900,Nordjylland,Frederikshavn,57.44,10.52
9940,Nordjylland,Læsø,57.28,10.99
9970,Nordjylland,Strandby,57.5,10.48
9981,Nordjylland,Jerup,57.52,10.42
9982,Nordjylland,Ålbæk,57.59,10.38
9990,Nordjylland,Skagen,57.72,10.54
